course_id,reviewer_name,comment,rating,difficulty,workload,date_taken,created
CS303,Ivan,"The professor's teaching approach made learning fundamental programming concepts incredibly accessible. Their step-by-step explanations of complex topics and real-world examples helped solidify our understanding. The assignments were well-structured, gradually increasing in difficulty, which built our confidence. The professor's office hours were invaluable, and they always took time to ensure every student understood the material. The programming labs were particularly helpful, and the teaching assistants were well-trained. I especially appreciated how the professor incorporated industry best practices into basic programming concepts.",5,3,14,1692576000,1698000000
CS303,Jia,"This course challenged me in the best possible way. The professor's extensive industry experience shone through in their teaching, offering practical insights beyond just theory. They maintained high standards while being incredibly supportive and approachable. The programming assignments were thoughtfully designed to reinforce classroom concepts, and the professor's detailed feedback on our code was extremely helpful. The additional resources and practice problems provided helped strengthen our problem-solving skills. The professor's enthusiasm for teaching was contagious.",4,4,15,1692576000,1698000000
CS303,Hana,"The course structure was exceptionally well-planned, with clear learning objectives for each module. Our professor's teaching style was engaging and interactive, making even the most basic concepts interesting. They excelled at explaining complex programming concepts using relatable analogies. The automated grading system provided instant feedback, and the professor's additional comments were always constructive. The practice sessions were particularly valuable, and the professor's patience in answering questions created a comfortable learning environment.",5,2,13,1692576000,1698000000
CS304,Liam,"The professor's deep knowledge of modern programming paradigms was evident throughout the course. They skillfully bridged theoretical concepts with practical applications, making abstract ideas concrete through well-designed projects. The lectures were engaging, with live coding demonstrations that helped us understand complex concepts. The professor's industry experience added valuable context to our learning, and their commitment to student success was remarkable. The course materials were consistently updated with current programming trends and best practices.",5,4,14,1692662400,1698000000
CS304,Maya,"This course's hands-on approach was incredibly effective. The professor structured the projects to build upon each other, creating a comprehensive learning experience. Their expertise in object-oriented programming was evident, and they had a gift for explaining complex concepts in accessible ways. The code reviews were particularly valuable, with the professor providing detailed, constructive feedback. The collaborative projects helped develop team programming skills, and the professor's guidance on industry standards was invaluable.",4,3,14,1692662400,1698000000
CS304,Noah,"While the pace was challenging, the professor's exceptional teaching methods made the journey worthwhile. They provided extensive support through detailed lecture notes and additional review sessions. Their industry background enriched our learning with real-world applications. The programming assignments were challenging but incredibly rewarding, and the professor was always available during office hours to provide guidance. The course materials were well-organized, and the professor's systematic approach to teaching complex concepts was outstanding.",4,4,15,1692662400,1698000000
CS303,Alice,"The professor's approach to teaching programming fundamentals was exceptional. They created an inclusive learning environment where questions were encouraged and mistakes were viewed as learning opportunities. The interactive coding sessions during lectures were particularly effective, and the professor's ability to debug and explain common mistakes was incredibly helpful. The assignments were practical and well-paced, with clear instructions and learning objectives. Their passion for teaching was evident in every lecture.",5,3,24,1692576000,1698000000
CS303,Bob,"The professor transformed what could have been overwhelming material into manageable, logical steps. Their teaching style combined theoretical foundations with practical applications perfectly. The programming exercises were thoughtfully designed to reinforce concepts, and the professor's detailed feedback helped improve our coding practices. They maintained high academic standards while being approachable and supportive. The additional resources and practice problems they provided were invaluable for self-study.",4,4,15,1692576000,1698000000
CS304,Felix,"The professor's expertise in modern programming practices was remarkable. They effectively communicated complex concepts through well-structured lectures and practical examples. Their industry experience provided valuable insights into real-world applications. The programming assignments challenged us to think creatively while applying course concepts. The professor's commitment to student success was evident in their detailed code reviews and constructive feedback. The collaborative projects helped develop essential teamwork skills.",4,4,15,1692662400,1698000000
CS303,Hana,"The course structure was exceptionally well-planned, with clear learning objectives for each module. Our professor's teaching style was engaging and interactive, making even the most basic concepts interesting. They excelled at explaining complex programming concepts using relatable analogies. The automated grading system provided instant feedback, and the professor's additional comments were always constructive. The practice sessions were particularly valuable, and the professor's patience in answering questions created a comfortable learning environment.",5,2,13,1692576000,1698000000
CS304,Liam,"The professor's deep knowledge of modern programming paradigms was evident throughout the course. They skillfully bridged theoretical concepts with practical applications, making abstract ideas concrete through well-designed projects. The lectures were engaging, with live coding demonstrations that helped us understand complex concepts. The professor's industry experience added valuable context to our learning, and their commitment to student success was remarkable. The course materials were consistently updated with current programming trends and best practices.",5,4,14,1692662400,1698000000
CS304,Maya,"This course's hands-on approach was incredibly effective. The professor structured the projects to build upon each other, creating a comprehensive learning experience. Their expertise in object-oriented programming was evident, and they had a gift for explaining complex concepts in accessible ways. The code reviews were particularly valuable, with the professor providing detailed, constructive feedback. The collaborative projects helped develop team programming skills, and the professor's guidance on industry standards was invaluable.",4,3,14,1692662400,1698000000
CS304,Noah,"While the pace was challenging, the professor's exceptional teaching methods made the journey worthwhile. They provided extensive support through detailed lecture notes and additional review sessions. Their industry background enriched our learning with real-world applications. The programming assignments were challenging but incredibly rewarding, and the professor was always available during office hours to provide guidance. The course materials were well-organized, and the professor's systematic approach to teaching complex concepts was outstanding.",4,4,15,1692662400,1698000000
CS303,Alice,"The professor's approach to teaching programming fundamentals was exceptional. They created an inclusive learning environment where questions were encouraged and mistakes were viewed as learning opportunities. The interactive coding sessions during lectures were particularly effective, and the professor's ability to debug and explain common mistakes was incredibly helpful. The assignments were practical and well-paced, with clear instructions and learning objectives. Their passion for teaching was evident in every lecture.",5,3,24,1692576000,1698000000
CS303,Bob,"The professor transformed what could have been overwhelming material into manageable, logical steps. Their teaching style combined theoretical foundations with practical applications perfectly. The programming exercises were thoughtfully designed to reinforce concepts, and the professor's detailed feedback helped improve our coding practices. They maintained high academic standards while being approachable and supportive. The additional resources and practice problems they provided were invaluable for self-study.",4,4,15,1692576000,1698000000
CS304,Felix,"The professor's expertise in modern programming practices was remarkable. They effectively communicated complex concepts through well-structured lectures and practical examples. Their industry experience provided valuable insights into real-world applications. The programming assignments challenged us to think creatively while applying course concepts. The professor's commitment to student success was evident in their detailed code reviews and constructive feedback. The collaborative projects helped develop essential teamwork skills.",4,4,15,1692576000,1698000000
CS422,Sarah,"The database course exceeded my expectations thanks to the professor's exceptional teaching approach. Their explanations of complex database concepts were crystal clear, supported by practical PostgreSQL projects that reinforced our learning. The professor's extensive industry experience provided valuable insights into real-world database challenges. They maintained an excellent balance between theoretical foundations and practical applications. The hands-on labs were particularly effective, and their patience in explaining complex queries was remarkable.",5,3,14,1692748800,1698000100
CS422,Chen,"The professor masterfully balanced theoretical database concepts with practical applications. Their expertise in database optimization techniques was impressive, and they provided invaluable insights from their industry experience. The hands-on labs were exceptionally well-designed, progressively building our skills from basic queries to complex optimization strategies. The professor's ability to explain complex concepts like indexing and query optimization was remarkable. They regularly incorporated real-world scenarios into our assignments, making the learning experience highly relevant.",4,4,14,1692748800,1698000200
CS422,Maria,"This course demystified complex database concepts through the professor's exceptional teaching approach. Their step-by-step explanations of advanced SQL concepts were crystal clear, and they showed incredible patience when helping students debug complex queries. The assignments were thoughtfully designed to reinforce theoretical concepts with practical applications. The professor's extensive knowledge of database systems was evident, and they frequently shared valuable insights from their research and industry experience. The additional practice problems were incredibly helpful.",5,3,13,1692748800,1698000300
CS425,David,"The professor's approach to teaching software engineering was outstanding. They brought years of industry experience into the classroom, sharing practical insights about real-world development practices. The course structure perfectly balanced theoretical principles with hands-on application. Group projects were expertly managed, with clear guidelines and regular feedback sessions. The professor's emphasis on industry best practices and modern development methodologies prepared us well for professional roles. Their guidance on team dynamics and project management was invaluable.",5,4,15,1692835200,1698000400
CS425,Priya,"This course provided an exceptional introduction to professional software development practices. The professor's expertise in both academic theory and industry application was evident in every lecture. They created a collaborative learning environment that mimicked real-world development teams. The project requirements were challenging but clearly defined, with the professor providing excellent guidance throughout. Their feedback on our design decisions was always constructive and helped us understand the broader implications of our architectural choices.",4,4,15,1692835200,1698000500
CS425,John,"The professor excellently conveyed both the technical and organizational aspects of software engineering. Their approach to teaching UML and project organization was methodical and practical. The course materials were comprehensive and well-structured, with real-world examples that illustrated each concept. The professor's feedback on our design documents was detailed and constructive, helping us develop professional-grade documentation skills. Their emphasis on communication and team collaboration reflected real industry practices perfectly.",5,3,14,1692835200,1698000600
CS435,Emma,"The algorithms course was intellectually demanding but incredibly rewarding, thanks to our professor's exceptional teaching ability. They broke down complex algorithmic concepts into digestible pieces while maintaining academic rigor. The professor's passion for algorithms was contagious, and their clear explanations of time complexity analysis were particularly helpful. They provided extensive practice problems with detailed solutions, and their office hours were invaluable for understanding challenging concepts. The programming assignments perfectly complemented theoretical lectures.",4,5,15,1692921600,1698000700
CS435,Ahmed,"The professor's approach to teaching algorithm analysis was revolutionary for my understanding. They expertly guided us through increasingly complex algorithms, always providing clear intuition behind the mathematical concepts. Their visualization techniques for complex algorithms were particularly effective. The professor's industry experience helped us understand practical applications of theoretical concepts. The combination of rigorous proofs and practical implementations gave us a complete understanding of algorithmic principles. Their enthusiasm made even the most challenging topics approachable.",5,5,15,1692921600,1698000800
CS435,Carlos,"While the course material was challenging, the professor's teaching methods made it accessible and engaging. They provided an excellent balance of theoretical foundations and practical implementations. The practice problems were carefully selected to build our problem-solving skills progressively. The professor's detailed explanations of solution strategies were invaluable, and their encouragement during challenging topics kept us motivated. They regularly connected algorithmic concepts to real-world applications, making the material more relevant and interesting.",4,5,14,1692921600,1698000900
CS472,Sophie,"The professor brought modern web development to life with their dynamic teaching approach. Their extensive industry experience was evident in how they structured the course around current best practices and emerging technologies. The hands-on workshops were particularly effective, with the professor providing real-time guidance as we built increasingly complex applications. They kept the course material current with industry trends and regularly incorporated feedback from students. The project-based learning approach gave us practical experience with modern development workflows.",5,3,14,1693008000,1698001000
CS472,Raj,"The professor's expertise in React and TypeScript was outstanding, and their teaching approach made complex concepts accessible. They provided comprehensive examples and clear explanations of modern web development patterns. The incremental project development approach helped us build confidence with these technologies. Their code reviews were incredibly detailed and educational, and they always explained the reasoning behind best practices. The professor's industry insights helped us understand real-world application architecture decisions.",5,4,14,1693008000,1698001100
CS472,Lisa,"The professor's project-based approach to teaching web development was exceptional. They structured the course around building real-world applications that we could proudly add to our portfolios. Their expertise in modern web frameworks was evident, and they consistently shared industry best practices. The incremental development approach helped us understand how large applications are built in practice. The professor provided detailed feedback on our code architecture and design choices, helping us develop professional-grade applications. Their emphasis on testing and deployment practices was particularly valuable.",4,3,15,1693008000,1698001200
CS473,Michael,"The professor transformed Android development into an engaging and practical learning experience. Their systematic approach to teaching Kotlin and Android concepts was excellent, starting from basics and progressing to complex app features. They provided comprehensive examples and clear explanations for each new concept. The hands-on labs were particularly effective, with the professor offering individual guidance. Their industry experience showed in the practical tips and best practices they shared. The course projects were well-designed to showcase different aspects of mobile development.",5,3,14,1693094400,1698001300
CS473,Yuki,"The professor's expertise in Kotlin and Android development made this course exceptional. They structured the learning progression perfectly, ensuring we had a solid foundation before tackling more complex concepts. Their teaching style was highly interactive, with live coding demonstrations that clearly illustrated key concepts. The professor's feedback on our app projects was detailed and constructive, helping us understand both technical and user experience considerations. They regularly incorporated current industry trends and best practices into the curriculum.",4,4,14,1693094400,1698001400
CS473,Anna,"This course offered a comprehensive journey through mobile development, expertly guided by our professor. Their extensive experience in the mobile industry enriched our learning with practical insights and real-world examples. The progression from basic UI development to complex feature implementation was well-planned. The professor's dedication to student success was evident in their detailed code reviews and accessibility during office hours. They effectively demonstrated how to approach common mobile development challenges and best practices for app deployment.",5,3,15,1693094400,1698001500
CS488,Omar,"The professor's deep knowledge of big data technologies and their practical applications made this course invaluable. Their ability to explain complex distributed computing concepts was remarkable, making difficult topics accessible through clear examples and hands-on exercises. The progression from fundamental concepts to advanced big data processing techniques was well-structured. They incorporated real-world case studies and industry practices, helping us understand practical applications. The professor's guidance during complex project implementations was exceptional.",5,4,15,1693180800,1698001600
CS488,Jane,"The professor's incorporation of Kaggle competitions into the curriculum was brilliant, providing us with real-world big data challenges. Their expertise in data processing and analysis techniques was evident in their clear explanations of complex concepts. They provided excellent guidance throughout our projects, helping us understand both the theoretical foundations and practical implementations. The professor's industry experience was invaluable when explaining optimization techniques and best practices. Their passion for data science was contagious, and they always encouraged us to think critically about our analytical approaches.",4,5,15,1693180800,1698001700
CS488,Tom,"The professor expertly guided us through real-world data challenges, sharing insights from their extensive industry experience. Their approach to teaching big data concepts was highly practical, focusing on actual business problems and solutions. The hands-on exercises with various big data tools were incredibly valuable. They excellently explained distributed computing concepts and their practical applications. The professor's feedback on our project implementations was detailed and constructive, helping us develop professional-grade solutions.",5,4,14,1693180800,1698001800
CS489,Alex,"The professor's approach to teaching enterprise development was outstanding, drawing from their extensive industry experience. They created a learning environment that closely mirrored real-world development scenarios, complete with proper development workflows and tools. Their emphasis on best practices in software architecture and design patterns was particularly valuable. The professor provided excellent guidance on team collaboration and project management. Their code reviews were thorough and educational, helping us understand enterprise-grade development standards.",5,4,15,1693267200,1698001900
CS489,Nina,"This course provided an exceptional overview of the entire software development lifecycle, thanks to our professor's comprehensive approach. Their industry experience enriched the course with practical insights and real-world scenarios. The professor expertly guided us through each phase of development, from requirements gathering to deployment. Their emphasis on testing and quality assurance was particularly valuable. The team project structure gave us practical experience with enterprise development practices and collaborative workflows.",4,4,14,1693267200,1698002000
CS489,Wei,"The professor's expertise in enterprise software development made this course an excellent preparation for industry work. Their systematic approach to teaching software development practices was highly effective, covering everything from design patterns to deployment strategies. The hands-on projects were well-designed to simulate real-world development challenges. Their guidance on team collaboration and project management was invaluable. The professor's feedback on our architectural decisions helped us understand enterprise-level considerations.",5,3,15,1693267200,1698002100
FOR506B,Diana,"The professor's ability to bring in diverse, high-caliber industry leaders as guest speakers was remarkable. Their own leadership experience enriched our discussions with practical insights. The course structure perfectly balanced theoretical frameworks with real-world applications. The professor created an engaging learning environment that encouraged open dialogue about leadership challenges. Their guidance on developing professional communication skills was invaluable, and the practical exercises helped build confidence in leadership situations. The case studies and role-playing scenarios were particularly effective.",5,2,13,1693353600,1698002200
FOR506B,Hassan,"The professor masterfully curated an impressive lineup of guest speakers while providing excellent context and analysis for each presentation. Their facilitation of post-presentation discussions helped us extract maximum value from each session. The professor's own leadership experience added another layer of practical insight to our learning. Their approach to teaching communication skills was highly effective, with plenty of opportunities for practice and feedback. The course materials were well-organized and relevant to current industry practices.",5,2,13,1693353600,1698002300
FOR506B,Grace,"The professor expertly combined leadership theory with practical applications, creating a comprehensive learning experience. Their approach to teaching communication skills was particularly effective, providing numerous opportunities for practice and constructive feedback. The guest speaker series was well-curated, offering diverse perspectives on technical leadership. The professor's own industry experience provided valuable context for our discussions. Their emphasis on developing both strategic thinking and interpersonal skills was especially valuable for aspiring technical leaders.",4,2,12,1693353600,1698002400
CS490,Kevin,"The professor's approach to teaching project management was grounded in extensive real-world experience. They created an immersive learning environment that simulated actual project challenges and decisions. Their guidance through the entire project lifecycle was exceptional, providing insights into both technical and managerial aspects. The professor's feedback on our project decisions was always constructive and educational. They effectively demonstrated how to handle common project challenges and team dynamics. The agile methodology implementation was particularly well-taught.",5,4,15,1693440000,1698002500
CS490,Ling,"The professor's expertise in project management frameworks was evident in their practical, hands-on teaching approach. They effectively demonstrated how theoretical concepts apply in real-world scenarios through well-designed group projects. Their experience with various project management methodologies provided valuable insights into industry practices. The professor's guidance on team leadership and conflict resolution was particularly helpful. They created realistic project scenarios that helped us develop critical problem-solving skills.",4,4,14,1693440000,1698002600
CS490,Pablo,"The professor's comprehensive approach to teaching the Software Development Life Cycle was outstanding. Their real-world project management experience brought theoretical concepts to life through practical examples and case studies. They provided excellent guidance on both technical and managerial aspects of software projects. The professor's feedback on our project documentation and management decisions was always detailed and constructive. Their emphasis on risk management and quality assurance practices was particularly valuable for understanding enterprise development.",5,3,14,1693440000,1698002700
CS516,Fatima,"The professor's deep knowledge of AWS services and cloud architecture was impressive. Their systematic approach to teaching cloud concepts made complex topics accessible and practical. The hands-on labs were exceptionally well-designed, providing real-world experience with AWS services. Their industry experience was evident in the practical tips and best practices they shared throughout the course. The professor's guidance during our cloud architecture projects was invaluable, helping us understand both technical and cost considerations in cloud deployments.",5,4,15,1693526400,1698002800
CS516,Ryan,"The professor expertly guided us through the world of cloud computing, combining theoretical knowledge with practical implementation skills. Their experience with real-world cloud architectures enriched our learning with valuable insights and best practices. The hands-on exercises were well-structured, progressively building our confidence with various AWS services. They provided excellent explanations of cloud security concepts and cost optimization strategies. The professor's approach to teaching scalability and reliability principles was particularly effective.",4,4,14,1693526400,1698002900
CS516,Elena,"The professor's expertise in serverless architecture and cloud services made this course exceptional. Their clear explanations of complex cloud concepts and practical demonstrations helped us understand both theoretical and practical aspects. The progression from basic cloud concepts to advanced serverless architectures was well-planned. Their industry experience provided valuable insights into real-world cloud solutions and common pitfalls to avoid. The professor's guidance during our cloud projects was instrumental in developing professional-grade solutions.",5,3,14,1693526400,1698003000
CS522,Marcus,"The professor's comprehensive coverage of big data concepts was exceptional, making complex distributed computing principles accessible through clear explanations and practical examples. Their industry experience with big data systems provided valuable insights into real-world applications. The hands-on exercises with Hadoop and related technologies were well-structured and educational. They excellent ly demonstrated how theoretical concepts apply in practical scenarios. The professor's guidance during our big data projects was invaluable for understanding scalability and performance considerations.",4,5,15,1693612800,1698003100
CS522,Aisha,"The professor's expertise in Hadoop and Spark technologies was remarkable. Their teaching approach made complex distributed computing concepts accessible through well-designed examples and hands-on exercises. They provided excellent insights into real-world big data challenges and solutions based on their industry experience. The progression from MapReduce concepts to advanced Spark applications was well-structured. Their guidance during practical implementations was invaluable, helping us understand both theoretical principles and practical considerations of big data processing.",5,4,15,1693612800,1698003200
CS522,Ben,"Despite the complexity of the subject matter, the professor's structured approach to teaching big data concepts was highly effective. Their step-by-step explanations of distributed computing principles were clear and thorough. The hands-on exercises were thoughtfully designed to reinforce theoretical concepts. The professor's industry experience provided valuable context for understanding real-world applications. Their patience in explaining complex topics and willingness to provide additional support during office hours was particularly appreciated.",4,5,14,1693612800,1698003300
CS523,Zara,"The professor's comprehensive knowledge of the Hadoop ecosystem was impressive. They provided excellent hands-on experience with various big data technologies, complemented by clear explanations of underlying concepts. Their industry experience was evident in the practical tips and best practices they shared. The course projects were well-designed to give us experience with real-world data processing challenges. The professor's guidance on choosing appropriate tools for different scenarios was particularly valuable for understanding the big data landscape.",5,4,15,1693699200,1698003400
CS523,Luis,"The professor expertly guided us through building complex data pipelines, sharing insights from their extensive industry experience. Their approach to teaching real-time data processing was highly practical, focusing on actual business scenarios and solutions. The hands-on projects were challenging but incredibly rewarding, with excellent support provided throughout. They effectively explained both theoretical concepts and practical implementation considerations. The professor's feedback on our architecture decisions was particularly valuable.",4,5,15,1693699200,1698003500
CS523,Holly,"The professor delivered a comprehensive overview of big data technologies while maintaining a perfect balance between theory and practice. Their expertise across the entire big data stack was evident in their clear explanations and practical demonstrations. The course structure progressively built our understanding from fundamental concepts to advanced applications. Their industry experience provided valuable insights into real-world implementations. The professor's guidance during complex project implementations was exceptional and always constructive.",5,4,14,1693699200,1698003600
CS589,Daniel,"The professor's expertise in cutting-edge AI technologies made this course exceptional. Their ability to explain complex concepts in machine learning and deep learning was remarkable. They maintained an excellent balance between theoretical foundations and practical applications. The course content was consistently updated with the latest developments in AI, including transformer models and generative AI. Their guidance during our implementation of advanced AI models was invaluable. The professor's research experience provided unique insights into the field's future directions.",5,5,18,1693785600,1698003700
CS589,Mia,"The professor expertly guided us through challenging group projects in AI implementation. Their deep knowledge of both classical and modern AI approaches provided a comprehensive learning experience. The projects were designed to give us practical experience with current AI technologies while reinforcing theoretical concepts. Their feedback was always constructive and helped us understand both technical and ethical considerations in AI development. The professor's industry connections provided valuable insights into real-world AI applications.",4,5,18,1693785600,1698003800
CS589,Kai,"The professor's comprehensive coverage of modern AI technologies was outstanding. Their expertise in machine learning and deep learning was evident in their clear explanations of complex concepts. They effectively demonstrated practical applications of AI through well-designed projects and exercises. The professor's guidance on model selection and optimization was particularly valuable. Their emphasis on ethical considerations in AI development showed a deep understanding of the field's broader implications. The hands-on experience with current AI frameworks was invaluable.",5,4,17,1693785600,1698003900
CS525,Sophia,"The professor's deep understanding of software design patterns and their practical applications made this course invaluable. Their ability to explain complex architectural concepts through real-world examples was exceptional. They provided excellent insights into when and how to apply different design patterns effectively. The course projects were well-structured to demonstrate pattern implementations in realistic scenarios. Their feedback on our design decisions was always thoughtful and educational, helping us understand the long-term implications of architectural choices.",5,4,14,1693872000,1698004000
CS525,Oliver,"The professor's expertise in software architecture principles was evident throughout the course. Their practical approach to teaching design patterns helped us understand both the theory and real-world applications. They provided excellent examples of pattern implementations from industry projects, highlighting both successful and problematic uses. The professor's feedback on our architectural decisions was detailed and constructive. Their emphasis on maintainability and scalability considerations was particularly valuable for professional development.",4,4,15,1693872000,1698004100
CS525,Ava,"The advanced software design concepts were presented in a clear and practical way. Each design pattern was explored through real-world examples that demonstrated both its benefits and potential drawbacks. The course projects gave us hands-on experience implementing various patterns in realistic scenarios. Group discussions about architectural decisions were particularly valuable, helping us understand different perspectives and trade-offs. The assignments challenged us to think critically about software design while considering maintainability and scalability aspects.",5,3,14,1693872000,1698004200
CS544,Lucas,"This course provided comprehensive exposure to enterprise-level development practices and patterns. The hands-on experience with ORM, dependency injection, and aspect-oriented programming was invaluable. Working with enterprise frameworks helped understand how large-scale applications are structured and maintained. The practical exercises in implementing various architectural patterns were especially useful. The course successfully bridged theoretical concepts with real-world applications, preparing us well for enterprise development roles.",5,4,15,1693958400,1698004300
CS544,Isabella,"While the enterprise concepts were complex, the practical approach to learning made them accessible. Working with enterprise frameworks and patterns helped understand large-scale application development. The progression from basic concepts to advanced implementations was well-structured. Real-world case studies provided valuable insights into enterprise architecture decisions. The group projects simulated actual enterprise development scenarios, complete with proper documentation and testing requirements.",4,5,15,1693958400,1698004400
CS544,Ethan,"The coverage of enterprise patterns was thorough and practical. Each architectural concept was demonstrated through real-world examples and hands-on implementations. The course effectively showed how different enterprise patterns solve specific business problems. Projects involving REST/SOAP services and messaging systems provided valuable hands-on experience. The emphasis on testing and documentation practices reflected real enterprise development requirements.",5,4,14,1693958400,1698004500
CS545,Emma,"The course provided thorough coverage of JSF and SpringMVC frameworks. The hands-on exercises helped understand how these frameworks operate in real-world scenarios. Building complete web applications from scratch gave practical experience with different architectural layers. The emphasis on proper MVC implementation and separation of concerns was particularly valuable. Interactive debugging sessions helped understand framework internals and common pitfalls.",4,4,14,1694044800,1698004600
CS545,James,"The course struck an excellent balance between theoretical concepts and hands-on practice in web application development. The progressive building of a complete enterprise web application helped understand how different components work together. Regular code reviews and architecture discussions provided valuable learning opportunities. The focus on industry best practices and design patterns was particularly beneficial. Working with real-world scenarios helped develop practical problem-solving skills in web development.",5,3,14,1694044800,1698004700
CS545,Sophia,"The comprehensive coverage of web frameworks provided deep insights into modern web application architecture. Hands-on experience with various frameworks helped understand their strengths and use cases. The course projects simulated real-world development scenarios, including proper error handling and security considerations. Documentation practices and code organization principles were particularly valuable. Group projects helped develop collaboration skills essential in web development teams.",4,4,15,1694044800,1698004800
CS572,Leo,"The modern web development concepts covered were highly relevant to current industry practices. The integration of frontend frameworks with backend services provided valuable full-stack development experience. Working with contemporary tools and technologies prepared us well for professional development roles. The emphasis on performance optimization and modern deployment practices was particularly useful. Projects involving real-time features and API integrations were especially educational.",5,4,15,1694131200,1698004900
CS572,Aria,"The integration of AI capabilities into web applications opened new perspectives on modern development. Working with AI APIs and implementing intelligent features in web applications was particularly fascinating. The course covered essential aspects of both frontend and backend development while incorporating cutting-edge technologies. Real-world projects helped understand practical considerations in AI-enhanced web applications. The focus on user experience and performance optimization was valuable.",5,4,14,1694131200,1698005000
CS572,Noah,"The coverage of cutting-edge web technologies was comprehensive and practical. Learning about modern frameworks, serverless architectures, and AI integration provided valuable insights into current industry trends. The hands-on projects helped develop skills in implementing complex features using contemporary tools. Understanding deployment strategies and scalability considerations was particularly beneficial. The emphasis on code quality and testing practices reflected professional development standards.",4,5,15,1694131200,1698005100
CS575,Maya,"The practicum provided invaluable real-world software development experience. Working in a professional environment helped bridge the gap between academic knowledge and industry practices. Daily interaction with production code and experienced developers accelerated learning significantly. The exposure to enterprise-level development processes, code reviews, and team collaboration was extremely beneficial. Regular feedback from industry mentors helped improve both technical skills and professional communication abilities.",5,3,14,1694217600,1698005200
CS575,Alex,"The industry exposure through this practicum was incredibly valuable for professional growth. Working on actual projects with real deadlines and requirements provided practical insights into software development careers. The experience of collaborating with professional development teams and following industry standard practices was enlightening. Learning to navigate large codebases and understanding deployment processes in production environments was particularly educational.",5,3,15,1694217600,1698005300
CS575,Emma,"This professional development opportunity offered practical experience that classroom learning alone cannot provide. Working alongside industry professionals helped develop both technical and soft skills essential for a software development career. The exposure to modern development tools and methodologies in a real-world setting was invaluable. Understanding how theoretical concepts apply in production environments was particularly enlightening. The experience of working in agile teams was especially valuable.",4,3,14,1694217600,1698005400
CS582,William,"The machine learning course provided a comprehensive understanding of deep learning concepts and their applications. Practical implementations using popular frameworks helped bridge theory with application. The progression from basic neural networks to advanced architectures was well-structured. Hands-on experience with real datasets and model optimization techniques was particularly valuable. The focus on both theoretical foundations and practical implementation challenges provided a complete learning experience.",5,5,18,1694217600,1698005500
CS582,Charlotte,"The practical applications of machine learning covered in this course were highly relevant to current industry needs. Hands-on projects with real-world datasets provided valuable experience in handling actual ML challenges. The coverage of different ML algorithms and their appropriate use cases was comprehensive. Implementation exercises helped understand the nuances of model training and optimization. The emphasis on ethical considerations in ML applications was particularly important.",4,5,17,1694217600,1698005600
CS582,Henry,"While challenging, the machine learning course provided comprehensive coverage of essential concepts and techniques. The hands-on implementation of various algorithms helped develop practical ML development skills. Group projects involving real-world datasets offered valuable experience in handling data preprocessing, model selection, and evaluation. The focus on both theoretical understanding and practical implementation was well-balanced. The coverage of current industry practices and tools was particularly beneficial.",5,4,16,1694217600,1698005700
CS590,Victoria,"The coverage of microservices architecture was thorough and practical. The course effectively demonstrated how to design, implement, and deploy microservices-based applications. Hands-on experience with container technologies and orchestration tools was particularly valuable. Projects involving real-world architectural challenges helped understand design trade-offs. The focus on scalability, resilience, and monitoring practices provided essential knowledge for modern software architecture.",5,4,15,1694217600,1698005800
CS590,Sebastian,"The software design principles covered were fundamental to understanding modern architecture patterns. Working through complex system designs helped develop critical thinking about architectural decisions. The hands-on experience with various integration patterns and distributed systems was invaluable. Case studies of real-world architectures provided insights into practical considerations. The emphasis on scalability and maintainability in system design was particularly relevant.",4,5,14,1694217600,1698005900
CS590,Chloe,"The exploration of modern architecture patterns was comprehensive and practical. Each pattern was examined through real-world examples and hands-on implementations. The course effectively covered both monolithic and distributed architectural styles, helping understand their appropriate use cases. Projects involving microservices and event-driven architectures provided valuable implementation experience. The focus on system resilience and observability was particularly relevant to current industry practices.",5,4,15,1694217600,1698006000